Contrast,PeakTA,PeakTA_t,PeakTAFC,PeakTAFC_t
Body_LoadDiff_vs_Face_LoadDiff,0.751916178743067,0,0.830190176670914,0
Body_LoadDiff_vs_Place_LoadDiff,0.736962439323335,26.64,0.803119390844237,0
Body_LoadDiff_vs_Tool_LoadDiff,0.811265782814243,4.32,0.87730100204179,4.32
Face_LoadDiff_vs_Place_LoadDiff,0.747371483233851,20.16,0.814868712751335,20.16
Face_LoadDiff_vs_Tool_LoadDiff,0.817825997589322,0.72,0.874207888109104,0.72
Place_LoadDiff_vs_Tool_LoadDiff,0.767429756528031,0,0.840993291192885,28.08
