Contrast,PeakTA,PeakTA_t,PeakTAFC,PeakTAFC_t
Body_LoadDiff_vs_Face_LoadDiff,0.795160140639477,23.04,0.875520586205955,23.04
Body_LoadDiff_vs_Place_LoadDiff,0.854769928951506,20.16,0.929854555671872,20.16
Body_LoadDiff_vs_Tool_LoadDiff,0.830596412374982,9.36,0.897429448646487,9.36
Face_LoadDiff_vs_Place_LoadDiff,0.855445394870213,20.16,0.935976668355813,20.16
Face_LoadDiff_vs_Tool_LoadDiff,0.836270496633533,0.72,0.900260270464809,0.72
Place_LoadDiff_vs_Tool_LoadDiff,0.837687262391864,0,0.909353928701213,20.88
