Contrast,PeakTA,PeakTA_t,PeakTAFC,PeakTAFC_t
Body_LoadDiff_vs_Face_LoadDiff,0.782745900217531,23.04,0.866376643743172,23.04
Body_LoadDiff_vs_Place_LoadDiff,0.8461046268137,25.2,0.924986255303738,25.2
Body_LoadDiff_vs_Tool_LoadDiff,0.806706026289529,28.08,0.866386008869383,9.36
Face_LoadDiff_vs_Place_LoadDiff,0.833272620244919,20.16,0.916424557571276,20.16
Face_LoadDiff_vs_Tool_LoadDiff,0.802769165320254,0.72,0.87053171427958,0
Place_LoadDiff_vs_Tool_LoadDiff,0.878473481422264,2.88,0.931195714585076,2.88
